{"cameraMode":{"drawMode":0,"name":"Shaded","section":"Shading Mode"},"sceneLighting":false,"audioPlay":false,"sceneViewState":{"m_AlwaysRefresh":false,"showFog":true,"showSkybox":true,"showFlares":true,"showImageEffects":true,"showParticleSystems":true,"showVisualEffectGraphs":true,"m_FxEnabled":true},"in2DMode":false,"pivot":{"x":83.21984100341797,"y":-24.173669815063478,"z":-127.84309387207031},"rotation":{"x":0.08325691521167755,"y":0.8838028311729431,"z":-0.17235518991947175,"w":0.42692193388938906},"size":40.02703094482422,"orthographic":false}